name,description,price,currency,iso_image
PEARL HEELED SLINGBACKS,"Slingback heels with front pearl detail. Pointed toe. Back strap with elastic piece. 

Heel height: 2.8 inches (7 cm) 

AIRFIT®. Flexible technical sole made of latex foam designed to offer increased comfort.",79.9,USD,ea8b9976-7cda-4e4c-9926-b357b1aa65c7
LEATHER BALLET FLATS,"Mary Jane style leather ballet flats. Buckled strap at instep.

Sole height: 0.4 inches (1 cm)

AIRFIT®. Flexible technical sole made of latex foam designed to offer increased comfort.",59.9,USD,769a6f42-94a6-451b-9014-5fcf1100d212
HIGH HEEL SLINGBACK PUMPS,"Heeled slingbacks with faux patent leather finish. Pointed toe. 

Heel height: 3.9 inches (10 cm)",49.9,USD,19b80e65-67a9-45f8-8139-e7b1da2ab448
HIGH HEEL SLINGBACK PUMPS,"Heeled faux patent leather slingbacks. Back strap with elastic piece. Pointed toe. 

Heel height: 3.9 inches (10 cm)",49.9,USD,deb51ea0-cb17-46ef-b381-77472db4f023
BLOCK HEEL SLINGBACK SHOES,"Slingback block heel pumps. Front strap with buckle detail. Buckled back strap. Squared toe. 

Heel height: 3.1 inches (8 cm)",49.9,USD,f60acf01-96a7-44cf-9245-ba3a2ef57920
SLINGBACK HEELS WITH BOW,"Faux patent leather high heel slingbacks. Bow detail at front. Back strap with elastic. 

Heel height: 3.1 inches (8 cm)",59.9,USD,813a5798-a086-4a95-adcc-05bfeebb2494
FLAT BUCKLED SANDALS,"Flat sandals with buckled straps. Rounded toe. 

Sole height: 1 inch (2.5 cm)",49.9,USD,74caa0b2-7942-415f-851f-1cbfa89520ae
SLINGBACK HEELS WITH BOW,"Slingback heels. Bow detail at front. Back strap with elastic piece. 

Heel height: 3.1 inches (8 cm)",49.9,USD,90615291-e218-4885-a8a4-fa0ee5b2770d
HEELED SHINY MESH SLINGBACKS,"High heel slingbacks with shiny mesh fabric. 

Heel height: 3.9 inches (10 cm)",69.9,USD,392aa6f8-5f4b-4bb0-97e4-00463b474bb6
MESH BOW SANDALS,"High heel fabric sandals in mesh fabric. Bow detail at front. 

Heel height: 2.4 inches (6 cm)",49.9,USD,740e99dd-b2d5-4464-b59b-6de2b9d15e15
FLAT MESH MARY JANES,"Flat Mary Janes in mesh fabric. Buckled ankle strap closure. 

Sole height: 0.4 inches (1 cm)",49.9,USD,13caa106-0c48-4c86-8317-c759c4c1bde2
BRUSHED EFFECT FLAT SHOES,"Flat Mary Janes with brushed effect. Buckled strap. Chunky soles. 

Sole height: 1.6 inches (4 cm)",69.9,USD,ed9fa32d-79c0-4421-b0cd-4d8fc53a0638
FABRIC MULES,"Slingback flats with patent leather effect finish. Buckled strap at instep and back strap.

Sole height: 1 inch (2.5 cm)",49.9,USD,6eb43271-12c3-4e22-8d7c-1cbc88ab4c1c
,,49.9,USD,c4dff6af-b03a-48ec-b8d8-f6891ed04107
FAUX PATENT LEATHER HEELED MULES,"Heeled mules with faux patent leather finish. Pointed toe. 

Heel height: 2.5 inches (6.4 cm)",49.9,USD,1437c8f7-f4eb-429a-b500-9bae9ff8816c
FAUX FLEECE CLOGS,"Flat faux shearling clogs. Buckled strap detail. 

Sole height: 1 inch (2.5 cm)",69.9,USD,9c837d60-a1ec-4770-b1df-37aa746b15e7
BOW TRIM VELVET SLINGBACK SHOES,"Heeled velvet slingback shoes. Bow detail at front. Back strap with elastic piece. 

Heel height: 3.1 inches (8 cm) 

AIRFIT®. Flexible technical sole made of latex foam designed to offer increased comfort.",69.9,USD,32154152-1aa7-4806-a0dc-fe43589b623e
LACE-UP FLAT LEATHER SHOES,"Flat leather derby shoes. Loafer style vamp. Lace-up closure. 

Sole height: 0.4 inches (1 cm)",69.9,USD,b77a940c-8795-4302-9c8b-e79443088d65
,,49.9,USD,f0623784-959a-408f-9ba2-979bc0e9a05e
MESH MULES,"Flat mules in mesh fabric. Buckled back strap. Rounded toe. 

Sole height: 0.4 inches (1 cm)",49.9,USD,a092858b-fc25-4b82-81b1-f128e2f38665
ANIMAL PRINT FLAT SANDALS,"Flat animal print sandals. Wide buckles. Round toe. 

Sole height: 1 inch (2.5 cm)",79.9,USD,aefeeaeb-7f8b-4140-9b4b-364991014329
EMBELLISHED VELVET LOAFERS,"Flat velvet loafers. Front metal embellishment. 

Sole height: 0.4 inches (1 cm)",49.9,USD,b8d4b8ea-43fd-4c76-b8ff-6a65cf0ef622
Mixed casual sneakers with fabric detail. Lace-up closure. <br/><br/>Sole height: 1 inch (2.5 cm),"Mixed casual sneakers with fabric detail. Lace-up closure. 

Sole height: 1 inch (2.5 cm)",49.9,USD,806bc94d-c54f-4724-9815-f8df80027a76
RING DETAIL VINYL HEELED SANDALS,"Heeled vinyl sandals. Wide front straps. Ring detail with rhinestones for the toe.

Heel height: 3.5 inches (9 cm)",49.9,USD,bf935d7a-c6b4-45f6-8e1f-b30eaa42745d
PATENT EFFECT FAUX LEATHER MARY JANES,"Flat Mary Jane style shoes with faux patent leather. V-neck. Squared toe. Buckled strap at instep. 

Sole height: 0.4 inches (1 cm)",39.9,USD,9335d4e8-2897-4f11-bab4-7514fd546544
DISTRESSED EFFECT HEELED MULE,"Open back heeled mules with distressed effect. Pointed toe. 

Heel height: 2.8 inches (7 cm)",59.9,USD,1e2065de-0e47-4de7-b34e-d7a0c9f2ce2f
STRAIGHT SHAFT KNEE HIGH HEELED BOOTS,"Heeled knee high boots. Thin heel. Straight shaft. Pointed toe.

Heel height: 4.3 inches (11 cm)",109.0,USD,1bdd58e3-91c8-489c-ba4d-0c3e3211da33
BUCKLED STRAP CLOGS,"Chunky flat mule clogs. Buckled wide back strap. 

Sole height: 0.8 inches (2 cm)",49.9,USD,ab98947c-928d-4919-ad18-1cfacbb14b15
ANIMAL PRINT HEELED SANDALS,"Heeled sandals. Animal print upper. Thin front straps. Buckled ankle strap closure. Thin heel.

Heel height: 3.1 inches (8 cm)",49.9,USD,4573137b-04f9-476a-be7f-2f9103165108
BLOCK HEEL CROC LOAFERS,"Block heel loafers with croc embossing. High vamp and saddle. Squared toe. 

Heel height: 3.1 inches (8 cm)",59.9,USD,3c923b68-5f47-4d2b-9ea9-46c83fe8cc80
LEATHER LOAFERS,"Flat leather loafers. High vamp and saddle. Rounded toe.

Sole height: 1 inch (2.5 cm)",69.9,USD,f23c01c4-980b-401f-8931-1e05a6dcf8ba
HIGH HEEL MULES,"High heel open back mules. 

Heel height: 3.9 inches (10 cm)",69.9,USD,cb65704c-9715-4940-9a92-7c102907a540
BUCKLED SUEDE CLOGS,"Flat suede clogs. Buckle detail. 

Sole height: 1 inch (2.5 cm)",69.9,USD,373188ae-28a1-4203-9807-67d8ad19c265
FAUX PATENT LEATHER HEELED SHOES,"Heeled faux patent leather shoes. Ankle strap buckle closure. Thin heel. Rounded toe.

Heel height: 3.5 inches (9 cm)",49.9,USD,0e9b17d4-c9f8-42af-8086-65d5ea13ea08
FLAT MULES,"Flat mules. Satin effect fabric. Buckled ankle strap. Squared toe. 

Sole height: 0.4 inches (1 cm)",49.9,USD,35b0317a-86ca-41b3-b40f-13d4edab812f
RHINESTONE VINYL HIGH HEEL SANDALS,"High heel sandals in vinyl with rhinestone detail. Pointed toe. Back strap. 

Heel height: 3.9 inches (10 cm) 

AIRFIT®. Flexible technical sole made of latex foam designed to offer increased comfort.",69.9,USD,371936a5-3c17-443a-bd13-90043a1b8302
TEXTURED RUNNING SNEAKERS,"Running style sneakers in a combination of textures. Lace-up closure. 

Sole height: 1.4 inches (3.5 cm)",49.9,USD,19632c49-82ef-402d-b75c-4958597ef4f0
PATENT EFFECT HEELED SLINGBACKS,"Patent effect high heel slingbacks. Buckled back strap. Pointed toe. 

Heel height: 3.7 inches (9.5 cm)",49.9,USD,11287f4c-0913-45c1-8b9b-c8c741dec44d
FLAT LEATHER SANDALS,"Flat leather sandals with toe-post. Round toe. 

Sole height: 0.8 inches (2 cm)",59.9,USD,dad28c6e-a45b-4bcb-9925-b856cc0f6c7f
SQUARE TOE LEATHER CLOGS,"Leather clogs. Chunky sole and wood effect block heel. Squared toe. 

Heel height: 2.7 inches (6.8 cm)",139.0,USD,97c64014-4134-431e-813b-f16ae7aba626
FLAT SHOES,"Flat loafers. Wrinkled faux patent leather finish. 

Sole height 0.4 inches (1 cm)",49.9,USD,8ac2211b-eec8-4232-a6e8-a0c7ff815449
FAUX PATENT LEATHER BALLET FLATS,"Mary Jane style shoes with faux patent leather. Block heels. Ankle strap closure. 

Heel height: 1.6 inches (4 cm)",49.9,USD,87945a50-4211-4b60-b88c-abcec43127cc
LEATHER CHELSEA ANKLE BOOTS,"Flat ankle boots in leather. Side elastic goring. Pull tabs. 

Sole height: 1.6 inches (4 cm)",109.0,USD,8e69d84f-0704-4ae1-a356-d73ccd5e9689
HEELED MESH SHOES,"High heel mesh fabric pumps. Pointed toe. 

Heel height: 3.7 inches (9.5 cm)",49.9,USD,07301040-fe0f-4437-b324-34b8d9ede4be
BUCKLED HEELED SHOES,"High heel faux patent leather shoes. Buckled strap closure. Pointed toe. 

Heel height: 3.7 inches (9.5 cm)",59.9,USD,281d9613-0ad8-4e0b-be88-660ad862c080
SOFT LEATHER SLINGBACK FLATS,"Soft leather slingback flats. Buckled wide back strap. Pointed toe. 

Sole height: 0.4 inches (1 cm)",69.9,USD,f87c2c84-6fbf-4f9c-8041-67d3a08ed9cf
SLINGBACK BUCKLED FLAT SHOES,"Flat slingback shoes with buckles. Back strap. Pointed toe. 

Sole height: 0.4 inches (1 cm)",49.9,USD,e59f6df2-8391-4111-8082-8245b784f84f
STRAPPY HEELED SHOES,"Mary Jane shoes with block heels. Faux patent leather finish. Double strap with buckle. Rounded toe. 

Heel height: 2 inches (5 cm)",49.9,USD,bc993322-5f3a-4492-b7b1-416c4a001eaa
MESH RUNNING SHOES,"Mesh running shoes. Contrasting sole. Lace-up closure. 

Sole height: 1.6 inches (4 cm)",49.9,USD,21076cde-aee4-41b1-a103-f101258421c2
CHUNKY HEELED PLATFORM SUEDE SANDALS,"Suede sandals. High heels with platform. Buckled ankle strap closure. 

Heel height: 4.7 inches (12 cm)",69.9,USD,0af31c9d-7a8e-4f9b-9565-d6bb5dac6c9c
METALLIC SLINGBACK SHOES,"Slingback shoes with block heel and metallic finish. Pointed toe. 

Heel height 2.6 inches (6.5 cm)",49.9,USD,3bf5c7fb-86a4-4494-83d1-a0c1efbecfee
HEELED MESH SHOES,"Heeled mesh pumps. Pointed toe. 

Heel height: 3.9 inches (10 cm)",49.9,USD,d85f849d-a70a-4d6e-9ff9-d1de41965a31
FLAT CROSSED-STRAP SANDALS,"Flat sandals with crossed bands. 

Sole height: 0.4 inches (1 cm)",49.9,USD,750f61f5-9df4-4305-882b-28917f13874a
BLOCK HEEL LEATHER GAITER BOOTS,"Knee high leather boots. Gaiter detail. Block heels. Rounded toe. 

Heel height: 3.5 inches (9 cm)",159.0,USD,05016024-70ec-4207-a940-56233e0eec4c
HEELED MESH SHOES,"High heel slingbacks in mesh fabric. Thin straps with buckle closure. Squared vamp. Pointed toe. 

Heel height: 3.6 inches (9.2 cm)",49.9,USD,96ea3c4f-b69b-4ba4-97cb-5588fd9fdf74
FLAT FLOWER SLIDES,"Flat sandals with shiny mesh flower details. Thin satin effect straps. 

Sole height: 0.4 inches (1 cm)",49.9,USD,36387efa-4acd-4a79-995d-c8b272fb24d0
BOW TRIM HEELED VINYL SANDALS,"Heeled vinyl sandals. Front embellished bow. Back strap.

Heel height: 3.5 inches (9 cm)

AIRFIT®. Flexible technical sole made of latex foam designed to offer increased comfort.",69.9,USD,196bfc19-7bb7-402b-a34f-9cb904cebc42
SHINY MESH BALLET FLATS,"Mesh ballet flats with shiny detail. 

Sole height: 0.4 inches (1 cm)",69.9,USD,e7954f63-e15f-4365-9e4c-7f2442d63583
Wedge mules. Wide strap with buckle. Pointed toe. <br/><br/>Heel height: 2.8 inches (7 cm),"Wedge mules. Wide strap with buckle. Pointed toe. 

Heel height: 2.8 inches (7 cm)",69.9,USD,e5d85bb5-9270-4c22-b105-ee32c13af0ac
BLOCK HEEL SLINGBACK SHOES,"Slingback block heel pumps. Faux patent leather finish. Front strap with buckle detail. Buckled back strap. Squared toe. 

Heel height: 3.7 inches (9.5 cm)",59.9,USD,f0a41954-bc33-435b-9234-750fe859d694
FABRIC GAITER BOOTS,"Tall fabric boots with gaiter detail. Pointed toe. Block heels. 

Heel height: 3.3 inches (8.5 cm)",89.9,USD,e1bdbae5-da8a-4a52-a03d-46deb1901ab4
BUCKLED SOFT LEATHER LOAFERS,"Flat loafers in soft leather. Front metal buckle. 

Sole height: 0.4 inches (1 cm)

AIRFIT®. Flexible technical sole made of latex foam designed to offer increased comfort.",69.9,USD,fa9e0791-a6c6-48ed-8618-46fcbe0f182e
SNEAKERS,"Fabric running shoes. Rubberized lug sole. Lace-up closure. 

Sole height 0.8 inches (2 cm)",69.9,USD,a77d8c1c-bb3d-48c6-baff-8e6ade5df022
FAUX PATENT LEATHER SLINGBACK SHOES,"Heeled slingback shoes. Front strap with buckle detail. Back strap with buckle closure. 

Heel height: 1.6 inches (4 cm) 

AIRFIT®. Flexible technical sole made of latex foam designed to offer increased comfort.",49.9,USD,aa6fb9ed-4862-465e-9a95-ca85bc17087a
BUCKLED HEELED MULES,"Heeled mules. Front wide strap with buckle. Pointed toe. 

Heel height: 2.6 inches (6.6 cm)",49.9,USD,a1cb45ac-1684-4e5a-8894-c2d638da82f0
LUG SOLE LEATHER CAGE SANDALS,"Flat leather cage sandals. Wide straps with double buckle closure. Lug soles. 

Sole height: 1 inch (2.5 cm)",89.9,USD,db944c62-5921-4437-8496-5db510d18a7e
LEATHER BLOCK HEEL SHOES,"Block heel leather sandals with pointed toe.

Heel height: 2.8 inches (7 cm)",79.9,USD,cf381263-0162-450e-b43d-ebb0237cbe3b
TASSELED MOCCASINS,"Flat loafers. Front tassels. High vamp.

Sole height: 0.8 inches (2 cm)",49.9,USD,34121e28-36ef-4a7b-b9ad-9187509e3e12
CASUAL ATHLETIC SNEAKERS,"Casual sneakers with leather details. Contrast back. Lace-up closure. 

Sole height: 0.8 inches (2 cm)",49.9,USD,f2a5ddcf-ecb2-415a-8105-c3f48f2dce84
FAUX PATENT LEATHER FLAT PENNY LOAFERS,"Low heel penny loafers with faux patent leather. High vamp and saddle. Rounded toe. 

Sole height: 1.6 inches (4 cm)",49.9,USD,fe59ce45-e1e8-4231-9a98-e88dfd3c0603
PATENT EFFECT FAUX LEATHER MARY JANES,"Mary Jane style shoes with faux patent leather. Block heels. Double strap closure. 

Heel height: 1.6 inches (4 cm)",49.9,USD,bf55aff8-09b5-4474-bd58-0659c7c8523c
FABRIC KITTEN HEEL SLINGBACKS,"Fabric slingbacks. Kitten heels. Pointed toe. 

Heel height: 1.6 inches (4 cm)",49.9,USD,205d714a-35fd-4840-93dc-65a4c3abd338
SIDE STRAP HIGH HEELED SHOES,"High heel pumps. Open sides with thin straps and buckles. Front straps. 

Heel height: 2.9 inches (7.4 cm)",59.9,USD,0149ee6f-54dc-426b-bb1a-465a0ef8f26b
HEELED LEATHER KNEE HIGH BOOTS,"Heeled leather knee high boots. Thin heel. Pointed toe.

Heel height: 3.1 inches (8 cm)",169.0,USD,0ee2bed8-c6d8-4284-8138-bf31b48f1428
SLINGBACK STRAPPY LEATHER KITTEN HEELS,"Slingback kitten heels with faux patent leather finish. Thin buckled straps at front and back strap. Pointed toe. 

Heel height: 2.4 inches (6 cm)",49.9,USD,dbc668f9-55a6-4340-b130-2183bb220b7f
RUCHED OPEN BACK LEATHER SHOES LIMITED EDITION,"Slingback leather pumps with ruched effect. Back strap with elastic. Pointed toe. 

Heel height: 1.8 inches (4.5 cm)",129.0,USD,dd981be2-a0d1-40cc-9021-ec07b042863c
BUCKLED STRAP FLATFORM SANDALS,"Leather sandals. Flatform sole. Buckled wide straps. 

Sole height: 1.6 inches (4 cm)",89.9,USD,6ac28950-d495-46e2-8907-e3f0b0d341a5
SNEAKERS,"Running shoes. Chunky wide soles. Lace-up closure. 

Sole height: 2 inches (5 cm)",69.9,USD,4faa1415-8320-45ad-ba35-9eb8bf8358bd
HEELED MESH SHOES,"High heel slingbacks in mesh fabric. Thin straps with buckle closure. Squared vamp. Pointed toe. 

Heel height: 3.6 inches (9.2 cm)",49.9,USD,37734568-ab42-42b9-9555-20c09ab6dade
BUCKLED BLOCK HEEL SHOES,"Block heel shoes with faux patent leather. Buckled strap details. Buckled ankle strap closure. Squared toe.

Heel height: 2.4 inches (6 cm)

AIRFIT®. Flexible technical sole made of latex foam designed to offer increased comfort.",49.9,USD,0b0df0ed-6a49-4872-a50c-ef528df8d558
OPEN BACK METALLIC FLAT SHOES,"Flat mules with metallic effect and woven upper. 

Sole height: 0.4 inches (1 cm)",49.9,USD,53ba6b09-ef98-4c9f-8a25-40f1ac868f5a
STRAPPY HEELED MARY JANES,"Block heel Mary Jane shoes. Faux patent leather finish. Buckled straps.

Heel height: 1.6 inches (4 cm)

AIRFIT®. Flexible technical sole made of latex foam designed to offer increased comfort.",49.9,USD,11b5859c-930e-4d79-8b2b-da82c88ef8f7
STUDDED LOAFERS,"Patent effect loafers. Upper with stud detail. High vamp and saddle. 

Sole height: 0.8 inches (2 cm)",69.9,USD,a35a2f5b-c15c-44a4-9b18-5a468ef0fc13
ZIPPERED LEATHER HEELED ANKLE BOOTS,"Heeled leather ankle boots. Zip closure. Pointed toe.

Heel height: 3.1 inches (8 cm)",129.0,USD,218be18b-ae1b-4dae-85ea-77f253216df0
STRAPPY HEELED SLINGBACKS,"Heeled slingback shoes. Thin straps with rings detail. Back strap with buckle closure. Pointed toe. 

Heel height: 2.8 inches (7 cm)",49.9,USD,551835f1-a889-47fd-bf33-a7d280f54f6a
CRACKLED HEELED PUMPS,"Crackled effect slingback heels. Front straps with buckle. Thin heel. Pointed toe. Back buckled strap closure.

Heel height: 3.1 inches (8 cm)",49.9,USD,98645cb2-485f-4e94-b97e-80b9b2697324
ATHLETIC PLATFORM SNEAKERS,"Sneakers with platform soles. Lace-up closure. 

Sole height: 3 inches (7.5 cm)",49.9,USD,d14c842a-4391-459d-8104-9dfbac5a6e96
FLATFORM SNEAKERS,"Sneakers with flatform soles. Lace-up closure. 

Sole height: 1.6 inches (4 cm) 

STARFIT®. Flexible technical sole made of polyurethane foam designed to offer increased comfort.",35.9,USD,8d996e12-e6b2-4ab4-9fed-f3eaf47f524f
LUG SOLE DERBY SHOES,"Faux patent leather derby shoes. Quilted detail. Chunky lug soles. Back pull tab. Lace-up closure. 

Sole height 2.5 inches (6.2 cm)",49.9,USD,e1b85940-6dd7-4dd4-a413-1149ebbc4865
PATENT EFFECT FLATS,"Faux patent flats. High vamp. Squared toe.

Sole height: 0.4 inches (1 cm)",49.9,USD,f7073541-ed3d-42cf-8bf5-d947a8afb48b
SOFT LEATHER SLINGBACK FLATS,"Soft leather slingback flats. Buckled wide back strap. Pointed toe. 

Sole height: 0.4 inches (1 cm)",69.9,USD,e89d6aa6-0723-4053-8365-1cb676de2860
PEARL TRIM VINYL SANDALS,"High heel vinyl sandals with pearl detail. Back strap. 

Heel height: 3.5 inches (9 cm)",69.9,USD,5d5f8f23-5478-4452-a656-0e068bd03e36
HEELED COWBOY ANKLE BOOTS,"Leather cowboy ankle boots. Block heels. Pointed toe. 

Heel height: 3.1 inches (8 cm)",99.9,USD,583405ff-9024-432b-9c18-2274d46b90ef
TRANSPARENT HEELED SANDALS,"Heeled sandals. Transparent straps at front. Methacrylate block heel.

Heel height: 3.9 inches (9.8 cm)",49.9,USD,badf7e87-5037-49f8-8283-311d1eafe131
FLAT VELVET SHOES,"Flat velvet shoes. Rounded toe.

Sole height: 0.4 inches (1 cm)",49.9,USD,1d77f16c-43c6-4f3f-aad4-ebeffa801632
FLAT KNEE HIGH BOOTS,"Flat knee high boots. Back pull tab. Rounded toe. 

Sole height: 1.6 inches (4 cm)",69.9,USD,6191d255-726f-46f0-805c-36c70d143530
HEART DETAIL LACE UP SANDALS,"Heeled sandals. Thin front straps. Heart-shaped piece detail at front. Tied closure.

Heel height: 3.5 inches (8.8 cm)",69.9,USD,0e30729e-73cd-44de-a861-42b0a4754aec
BUCKLED STRAP SLINGBACK SHOES,"Slingback heels. Thin buckled straps at front. Pointed toe.

Heel height: 2 inches (5 cm)",49.9,USD,0e8dab2a-b825-4de7-88b3-e06ee248a9c5
BUCKLED STRAP HIGH HEELED SHOES,"Heeled pumps. Thin buckled straps at front. Pointed toe. 

Heel height: 3.5 inches (9 cm)",49.9,USD,b4b97357-39e4-43f5-8e64-340d247b9fcc
LACE UP HEELED SHOES,"Slingback heels. Thin heel. Buckled ankle strap closure. Pointed toe.

Heel height: 3.5 inches (9 cm)",49.9,USD,ab268a29-80ea-44bd-bb49-10a59ef0b5a1
STRAPPY SLINGBACK SHOES,"Slingback pumps with thin straps. Buckle detail. Kitten heels.Back strap. 

Heel height: 2 inches (5 cm)",49.9,USD,ba7edcdc-6456-4e2f-b3c6-3a02cfc6309c
STRAPPY ANIMAL PRINT HEELED SHOES,"Open back high heel animal print shoes. Thin straps and buckled ankle strap. Pointed toe. 

Heel height: 3.7 inches (9.5 cm)",89.9,USD,fd74d9dc-4e6a-4d8e-934a-28e21bbef94e
FLAT SOFT LEATHER SHOES,"Soft leather flat shoes. Rounded toe. 

Sole height: 0.4 inches (1 cm)",89.9,USD,e16fb447-0651-4730-8a47-a77393fc4cf9
BOW TRIM METALLIC KITTEN HEEL SHOES,"Kitten heel shoes with metallic effect. Bow detail at front. Pointed toe. Back strap. 

Heel height: 1.6 inches (4 cm)",69.9,USD,f45d4921-4a79-4ee0-ab01-df49d00eadbe
KNEE HIGH HEELED MESH BOOTS,"Knee high boots in mesh fabric. Wide shaft. Pointed toe. 

Heel height: 2.6 inches (6.5 cm)",109.0,USD,41c016aa-2034-4bca-8240-0516fb2e4787
RHINESTONE STRAPPY HIGH HEELED SHOES,"High heel fabric pumps. Strap with rhinestones at instep. Pointed toe. Buckled ankle strap closure. 

Heel height: 2.8 inches (7 cm) 

AIRFIT®. Flexible technical sole made of latex foam designed to offer increased comfort.",49.9,USD,f45bdd96-a811-4051-980f-01ce0b6d171e
FAUX PATENT LEATHER HEELED SHOES,"Heeled faux patent leather shoes. Mid-height heel. Pointed toe.

Heel height: 2.4 inches (6 cm)",19.99,USD,44884d92-d82e-47d0-be9f-76093625c2f4
ANIMAL PRINT SLINGBACK HEELS,"Animal print heeled slingbacks. Buckled ankle strap closure. Pointed toe.

Heel height: 3.7 inches (9.5 cm)

AIRFIT®. Flexible technical sole made of latex foam designed to offer increased comfort.",49.9,USD,f6765293-af3d-4ee4-9218-8586d6f50c3b
ANIMAL PRINT COWBOY BOOTS,"Knee high cowboy boots. Animal print. Pointed toe. 

Heel height: 1.8 inches (4.5 cm)",79.9,USD,bb54bada-2078-4382-bb9f-32aee635eb33
MID-HEIGHT SHAFT SUEDE BOOTS,"Boots made of suede with mid-height shaft. Wide shaft. Pointed toe. 

Heel height: 1.2 inches (3 cm)",159.0,USD,31df77bf-73b3-4908-bbd5-b0e98af227f8
METAL APPLIQUÉ FLAT SANDALS,"Flat sandals. Wide front straps with buckle and metal appliqués. Rounded toe.

Sole height: 1.2 inches (3 cm)",89.9,USD,8f9f328a-41f4-4619-ac75-56b818f9c0ca
BOW TRIM HEELED SHOES,"Heeled slingbacks with bow detail at front. Back strap with elastic. Pointed toes.

Heel height: 3.9 inches (10 cm)",49.9,USD,a8fdec92-f993-4a89-a7be-696f9daa637a
FLOWER SLINGBACK SHOES LIMITED EDITION,"Heeled vinyl slingbacks. Front flower detail. Thin heel. Pointed toe.

Heel height: 3.5 inches (9 cm)",149.0,USD,f86a6b56-bfd9-48c1-8a1c-55e90943e16b
HEELED KNEE HIGH GAITER BOOTS,"Knee high boots with gaiters. Squared toe. 

Heel height: 2.6 inches (6.5 cm)",109.0,USD,dc038d06-2488-4bfb-9f01-7810f57537b1
BUCKLED FLAT MESH SANDALS,"Flat mesh fabric sandals. Buckled wide straps. Back adhesive strap closure. 

Sole height: 2.4 inches (6 cm)",59.9,USD,8773e086-3c69-4e01-b0c7-30178d409b3d
Flat suede clogs. Buckled back strap. Rounded toe. <br/><br/>Sole height: 1 inch (2.5 cm),"Flat suede clogs. Buckled back strap. Rounded toe. 

Sole height: 1 inch (2.5 cm)",59.9,USD,600a33b7-54c8-4dd9-8cea-d74e4a54ddcb
VINYL WEDGE SANDALS,"Wedge style heeled sandals in jute. Vinyl straps. 

Heel height: 3 inches (7.6 cm)",59.9,USD,d51172f9-9c2a-4019-804e-1775b3050a3f
METALLIC HEELED SLINGBACKS,"Slingback block heel shoes with metallic effect. Back strap. Rounded toe. 

Heel height: 2.4 inches (6.2 cm)",49.9,USD,922c9304-4492-4080-87fa-8c4f62d1b054
CONTRAST LACE-UP WEDGES,"Slingback wedges. Upper in a combination of materials. Ankle tie closure. 

Heel height: 3.9 inches (10 cm)",69.9,USD,1721dc1a-786b-4658-b5a9-e66e0a8bfd4a
SPLIT LEATHER MOCCASINS WITH TASSELS,"Flat suede penny loafers. Front tassels.

Sole height: 0.4 inches (1 cm)",69.9,USD,a26e8b81-2040-42ff-84a8-334d092e5778
LEATHER BALLET FLATS,"Mary Jane style leather ballet flats. Buckled strap at instep. 

Sole height: 0.4 inches (1 cm) 

AIRFIT®. Flexible technical sole made of latex foam designed to offer increased comfort.",59.9,USD,7887ce4d-a0e5-400c-9610-7804b3cea8a7
BLOCK HEEL LEATHER BOOTS,"Block heel knee high leather boots. Round toe.

Heel height: 3.1 inches (8 cm)

AIRFIT®. Flexible technical sole made of latex foam designed to offer increased comfort.",169.0,USD,93b63162-a1ca-41b9-b60a-0358ff5d828b
LEATHER KNEE HIGH BOOTS,"Flat knee high leather boots. Round toe. 

Sole height: 1.5 inches (4.4 cm)",169.0,USD,5808fec7-d356-46e7-ba49-942ec975e9dd
METALLIC RUNNING SNEAKERS,"Running sneakers with metallic effect. Contrast back. Lace-up closure.

Sole height: 0.6 inches (1.5 cm)",49.9,USD,5873b4b4-016b-4e1c-97ed-54b4014a23ea
SHINY FABRIC MULES,"Mesh effect fabric mules. Shiny upper. Thin heel. Pointed toe.

Heel height: 3.1 inches (8 cm)",69.9,USD,19f39796-3f37-4c6e-aa6e-db1e0e258f76
HEELS WITH ANKLE STRAP,"Heeled slingback pumps. Pointed toe. Buckled ankle strap closure. 

Heel height: 3.1 inches (8 cm)",69.9,USD,b059203b-dbf8-4d55-be4e-688c5887f8d2
ANKLE STRAP HEELED METALLIC SANDALS,"Metallic high heel sandals. Buckled ankle strap closure. 

Heel height: 3.3 inches (8.5 cm)",49.9,USD,53186498-6c1d-48df-8d50-31bad4d98efd
DISTRESSED EFFECT LUG SOLE LOAFERS,"Flat loafers with distressed look. Lug soles. Rounded toe. 

Sole height: 1.8 inches (4.5 cm)",49.9,USD,32d5c6f5-76dd-440c-9b74-a16493f27384
FABRIC ANKLE BOOT WITH GEOMETRIC HEEL,"Stretch fabric ankle boots. High geometrical heel. Fitted upper. Pointed toe. Back pull tab. 

Heel height: 3.9 inches (10 cm)

AIRFIT®. Flexible technical sole made of latex foam designed to offer increased comfort.",49.9,USD,fa9243fe-973b-4824-b62c-476e02c04e9e
BOW TRIM VELVET MULES,"Velvet kitten heel mules. Bow detail at front. Squared toe.

Heel height: 1.6 inches (4 cm)",49.9,USD,aad4dd62-b4d7-449d-a40d-3181cb06dba0
VELVET BALLET FLATS,"Velvet ballet flats. Buckle strap fastening at instep. 

Sole height: 0.4 inches (1 cm)",59.9,USD,241815f0-a8f1-4dae-afb8-d39b73d330e9
SUEDE BIKER ANKLE BOOTS,"Biker style ankle boots in suede. Straps with metal detail. Squared toe. 

Sole height: 1.6 inches (4 cm)",109.0,USD,264e4378-155e-45e5-a101-a2b70663ad45
BLOCK HEEL STRAPPY LEATHER SANDALS,"Block heel leather sandals. Crossed front straps. Ankle strap closure. Squared toe. 

Heel height: 3 inches (7.5 cm)",109.0,USD,43ec48af-9eb5-4b3a-bed9-5684f12e541d
HEELED ANIMAL PRINT BOOTS,"Animal print knee high boots. High heels. Pointed toe. 

Heel height: 3.1 inches (8 cm)",109.0,USD,33866e42-1f03-4989-ab13-37838ef1819e
BLOCK HEEL HIGH HEELS,"Block heel pumps. Tortoiseshell heels. Pointed toe. 

Heel height: 2.8 inches (7 cm)",49.9,USD,d4a1b773-84fd-4600-adcf-e9fe2e100430
ANIMAL PRINT LOAFERS,"Flat animal print leather penny loafers. High vamp and saddle. Rounded toe. 

Sole height: 0.8 inches (2 cm)",49.9,USD,1cbb0144-ed6e-427a-8439-56a4ad5ca9cd
DISTRESSED EFFECT HEELED BOOTS,"Knee high boots with distressed effect. Thin heel. Pointed toe. 

Heel height: 3.1 inches (8 cm) 

This product may vary in tone and texture due to the unique characteristic of the raw materials used in the manufacturing process.",99.9,USD,e4dd169f-4047-42bf-88be-d3b2010d92db
DISTRESSED EFFECT LEATHER BIKER ANKLE BOOTS,"Distressed effect leather ankle boots. Side pull tabs. Squared toe. 

Sole height: 1.6 inches (4 cm)",129.0,USD,a3ed8134-9183-456f-80c7-fa8645a77633
CONTRAST LEATHER LOAFERS,"Flat leather loafers. Contrasting upper. Ruching detail. High vamp and saddle. Rounded toe. 

Sole height: 1.2 inches (3 cm)",89.9,USD,79e061f9-ebbe-4d77-86cf-e25136325fac
HEELED COWBOY ANKLE BOOTS,"Block heel cowboy ankle boots. Side elastic goring. Pointed toe. 

Heel height: 3.3 inches (8.5 cm) 

AIRFIT®. Flexible technical sole made of latex foam designed to offer increased comfort.",59.9,USD,bbc5531b-2a00-4316-b253-294654361c28
MESH HEELED MARY JANES,"Block heel Mary Jane shoes. Double strap at instep. Squared toes. 

Heel height: 1.6 inches (4 cm)",49.9,USD,683efc97-72af-4f72-8175-b1e38f6bf07b
CASUAL NYLON SNEAKERS,"Casual sneakers in nylon with leather details. Contrast back. Lace-up closure. 

Sole height: 0.8 inches (2 cm)",49.9,USD,6132f7db-359d-45d8-b90b-5c4826d9d5d4
FLAT BUCKLED CLOGS,"Flag open back clogs. Metal buckle detail. 

Sole height: 1 inch (2.5 cm)",49.9,USD,a519cfc4-d1bb-4a14-a16f-5d42de9889b0
WIDE HEEL HIGH SHAFT BOOTS,"Knee high leather boots. Block heels. Rounded toe. 

Heel height: 3.1 inches (8 cm)",169.0,USD,5b1c5d44-a50a-44af-98c6-00ede8455284
HEELED COWBOY BOOTS,"Heeled cowboy style boots. Textured detail at shaft. Side pull tabs. Pointed toe. 

Heel height: 1.8 inches (4.5 cm)",109.0,USD,96fee5e8-4ab9-4e1e-9061-e495bfd29310
DISTRESSED EFFECT HEELED SANDALS,"Distressed effect heeled sandals. Wide strap and thin strap at instep. Buckle closure. 

Heel height: 2.8 inches (7 cm)",59.9,USD,2c0ff0d8-0736-4dd6-a0e8-50817be9cfb7
SHINY WOVEN MULES,"Flat mules with shiny woven upper. 

Sole height: 0.8 inches (2 cm)",59.9,USD,8d5433c3-5dfb-4b5e-bc3b-9e7673d09028
HEELED LEATHER ANKLE BOOTS,"Heeled leather ankle boots. Zipper closure. Block heels. Pointed toe. 

Heel height: 3 inches (7.5 cm)",79.9,USD,9de13d22-a055-4a89-b550-86f69a358046
CONTRASTING DETAIL RUNNING SNEAKERS,"Running style athletic sneakers with contrasting laces. Lace-up closure. Pull tabs. Lug soles. 

Sole height: 1.6 inches (4 cm)",69.9,USD,ff9c7447-4b47-4aea-a780-63f4788606b8
SNEAKERS,"Running style sneakers with color detail at back. Chunky soles with raised details. Lace-up closure. 

Sole height: 2 inches (5 cm)",69.9,USD,f77ac7c6-2e5b-4d41-9892-220a2d4fc302
KNEE HIGH COWBOY BOOTS,"Knee high cowboy boots. Block heels. Pointed toe. 

Heel height: 1.8 inches (4.5 cm)",69.9,USD,e8af93b5-fbca-418c-b3f4-96f061f8e801
Flat leather loafers. High vamp and saddle. Rounded toe. <br/><br/>Sole height: 0.8 inches (2 cm),"Flat leather loafers. High vamp and saddle. Rounded toe. 

Sole height: 0.8 inches (2 cm)",89.9,USD,9341e786-4814-422b-a406-afd2b6af9e37
CHUNKY PLATFORM SANDALS,"High heel platform sandals. Buckled ankle strap closure. Squared toes.

Heel height: 5.5 inches (14 cm)",89.9,USD,f351b498-4656-455e-a5ac-a0a1a5be0e73
LACE-UP LEATHER ANKLE BOOTS,"Flat ankle boots in leather. Lug soles. Back pull tab. Lace-up closure. 

Sole height: 1.6 inches (4 cm)",129.0,USD,5e983e1f-3323-4c4d-a9d1-c1480f7a432c
WATER RESISTANT AND WATER REPELLENT QUILTED METALLIC BOOTS SKI COLLECTION,"Ankle boots. Upper in a combination of materials. Quilted upper. Reinforcements at toes, sides, and heel. Non-slip sole. Lined interior. Adjustable lace-up closure. 

Sole height: 1.4 inches (3.5 cm)",139.0,USD,963115f6-1c84-49af-922e-8c03730e2afa
HEELED MULES WITH BOW,"Slingback heels with faux patent leather. Front bow detail. Thin heel. Pointed toe.

Heel height: 2.4 inches (6 cm)

AIRFIT®. Flexible technical sole made of latex foam designed to offer increased comfort.",49.9,USD,eeb69224-af49-4e82-95dd-4918749c852a
LACE UP VELVET BALLET FLATS,"Velvet ballet flats. Ankle tie closure. 

Sole height: 0.4 inches (1 cm)",59.9,USD,26b21411-ebfb-4ea9-a9a4-6ff7f2421f46
PINSTRIPE HEELED PUMP,"Pinstripe print heeled shoes. Thin heel. Pointed toe.

Heel height: 3.9 inches (10 cm)",49.9,USD,d99ddb77-017a-4b0e-abb6-dea021c2e3d4
MESH HEELED SANDALS,"Metallic effect heeled sandals. Front mesh detail. Round toe. 

Heel height: 2.8 inches (7 cm)",49.9,USD,87ddc103-a3ce-442a-ba75-521aee23d5a6
SOFT LEATHER HIGH HEELED BOOTS,"Knee high heeled boots in soft leather. Wide shaft. 

Heel height: 3.1 inches (8 cm)",229.0,USD,9afe586a-e170-4bc3-8dda-1c20f07b3b45
INSTEP STRAP HEELED MULES,"Heeled mules. Buckled strap detail at instep. Pointed toe. Thin heel.

Heel height: 3.5 inches (9 cm)",59.9,USD,8c30c825-2936-4cbe-a7d6-eb883247f518
TALL FABRIC BOOTS,"Tall boots in pinstripe printed fabric. Gaiter detail. Pointed toe. 

Heel height: 2.8 inches (7 cm)",109.0,USD,134547bc-5c0a-4ff1-b1da-86922f96c341
FLAT LEATHER LOAFERS,"Flat leather loafers. High vamp and saddle. 

Sole height: 0.8 inches (2 cm)",109.0,USD,d8e29d6f-ed33-4928-a207-ba5175aef37d
FLAT LEATHER LOAFERS,"Flat leather loafers. High vamp and saddle. 

Sole height: 0.8 inches (2 cm)",109.0,USD,6b2a09e8-40b8-4391-862f-158f90192fef
FAUX FUR ANKLE BOOTS,"Faux fur flat ankle boots. Rounded toe.

Sole height: 0.4 inches (1 cm)",109.0,USD,29fcb109-ab90-4835-9d4a-268fe8aba01c
LACE UP SNEAKERS,"Casual sneakers with contrast back piece. Flatform sole. Lace-up closure. 

Sole height: 1.6 inches (4 cm)",35.9,USD,6862c64e-a6eb-4c96-b321-1dad8b154c49
FLAT SEQUIN SANDALS,"Flat fabric sandals with sequins. Wide crossed straps and back strap with adhesive. Round toe. 

Sole height: 0.8 inches (2 cm)",69.9,USD,c229a52b-6574-4049-8f71-bfc8b4926da0
DISTRESSED EFFECT BLOCK HEEL CLOGS,"Clogs with block heel and distressed effect. Pointed toe. 

Heel height: 2.8 inches (7 cm)",69.9,USD,3e1132e1-8d50-4967-9a58-2bd19a018436
FLATFORM SNEAKERS,"Sneakers with flatform soles. Lace-up closure. 

Sole height: 1.6 inches (4 cm) 

STARFIT®. Flexible technical sole made of polyurethane foam designed to offer increased comfort.",39.9,USD,f5ef3ea1-9dc8-49a7-8722-9880c8d12382
ANIMAL PRINT LOAFERS,"Flat animal print leather penny loafers. High vamp and saddle. Rounded toe. 

Sole height: 0.8 inches (2 cm)",49.9,USD,a0592f5b-f117-4a9b-b576-183e6e4209cd
METALLIC LOAFERS,"Flat loafers. Metallic effect. High vamp with saddle. Rounded toe.

Sole height: 1.2 inches (3 cm)",49.9,USD,a1a0ff52-df1d-44c6-baa1-aeb2c131dd49
FABRIC HEELED ANKLE BOOTS,"Fabric ankle boots. Thin heel. Pointed toe.

Heel height: 3.8 inches (9.6 cm)",49.9,USD,1709e287-17a2-4cc6-a4fc-aa3bc16d48de
STRAPPY HEELED MARY JANES,"Block heel Mary Jane shoes. Faux patent leather finish. Buckled straps. 

Heel height: 1.6 inches (4 cm) 

AIRFIT®. Flexible technical sole made of latex foam designed to offer increased comfort.",49.9,USD,321ce640-4d2e-445d-beeb-00ddad6e8c51
METALLIC SANDALS,"High heel platform sandals with metallic effect. Buckled ankle strap closure. 

Heel height: 4.5 inches (11.5 cm)",69.9,USD,93a183e1-fb69-4b43-ac43-4c11cf4ee0c4
BUCKLED OPEN DETAIL LEATHER ANKLE BOOTS,"Flat ankle boots in leather with side open details and buckled straps. Rounded toe. 

Sole height: 1.8 inches (4.5 cm)",189.0,USD,feac2ade-69ad-4c7b-a62d-a1bda51965e2
BUCKLED STRAP ANKLE BOOTS,"Ankle boots with elastic shaft. Low block heel. Double strap with buckles at side. 

Heel height: 2 inches (5 cm)",59.9,USD,7f579d41-b13b-499f-ab6a-4bcd211f1cba
HEELED ANKLE BOOTS WITH BUCKLE,"High heeled ankle boots. Buckle detail at front. Side zip closure. Pointed toe. 

Heel height: 3.3 inches (8.5 cm)",59.9,USD,5c7eb443-6a85-43ec-bbb6-bf7bd4f72cc1
BUCKLED LEATHER ANKLE BOOTS,"Ankle boots in a combination of leather and stretch fabric. Buckled strap details at shaft. 

Sole height: 1.9 inches (4.7 cm)",79.9,USD,4c52a6d1-cc03-441e-a70d-a72a9fd909d6
SHINY FLOWER VINYL MULES,"Heeled mules. Wide vinyl strap with shiny flower. 

Heel height: 3.1 inches (8 cm)",79.9,USD,0ec3d933-97e5-42a9-a7a7-b99dd714e81a
FAUX FUR BALLET FLATS,"Faux fur ballet flats. Double straps on the instep. Back pull tab. Rounded toe.

Sole height: 0.4 inches (1 cm)",49.9,USD,413b175b-e7b7-4b7a-9825-bba796d1b69c
COMBO SNEAKERS,"Running style sneakers in a combination of pieces and colors. Lug sole with textured details. Lace-up closure. 

Sole height: 1.6 inches (4 cm)",49.9,USD,c5ddb54e-7e40-4825-953c-f65860250a34
BUCKLE MARY JANES,"Mary Jane shoes. Wide strap with buckle. Squared toe. Chunky soles. 

Sole height: 1.6 inches (4 cm)",49.9,USD,4186b4a3-aec8-49e6-96da-5d8c13bf9912
BUCKLED LUG SOLE MARY JANES,"Mary Jane style shoes with faux patent leather. Chunky lug soles. Rounded toe. Buckle closure. 

Sole height: 2.6 inches (6.5 cm)",49.9,USD,7a42a307-45ee-4e75-9daa-055857be6f9f
METAL TRIM BLOCK HEEL ANKLE BOOTS,"Block heel ankle boots. Metal trim at interior of heel. Snug shaft with side elastic goring. Rounded toe.

Heel height: 2 inches (5 cm)",49.9,USD,d14b1bed-4cb1-4aa9-8512-9b89c3c0accf
HEELED KNEE HIGH BOOTS,"Heeled knee high boots. Pointed toe. Side zip closure. 

Heel height 3.8 inches (9.8 cm)",79.9,USD,2e726ec6-4a36-49e9-af14-8cb73d3258af
CHELSEA BOOTS,"Chelsea style ankle boots. Side elastic goring. Pull tab detail. 

Heel height: 1.2 inches (3 cm)",69.9,USD,32a3f121-486c-476a-88d1-d86159cbcdaa
SOFT LEATHER BALLET FLATS,"Ballet flats in soft leather. Front metal trim. Rounded toe. 

Sole height: 0.4 inches (1 cm)",89.9,USD,d7e4412a-09ee-48a0-b88b-2e2b5432b9d7
HEELED BOOTIES WITH LUG SOLES,"Heeled ankle boots with lug sole and stretch shaft. Back pull tab. Zip closure. Rounded toe. 

Heel height: 2.4 inches (6 cm)",49.9,USD,70c7d0a5-1250-4800-9381-c6526f838ffc
DISTRESSED FLAT LOAFERS,"Flat loafers with distressed look. High vamp with saddle. Rounded toe.

Sole height: 0.9 inches (2.4 cm)",49.9,USD,96fd2db9-0667-46f0-8bb0-8d69d7a44fee
TASSELED MOCCASINS,"Flat loafers with faux patent leather. Front tassels with metal piece trim. Rounded toe.

Sole height: 0.9 inches (2.4 cm)",49.9,USD,2212bd4d-35ee-48ea-b370-6eafa0ea23ab
DISTRESSED LEATHER ANKLE BOOTS,"Distressed effect leather ankle boots. Back pull tab. Chunky soles. Rounded toe.

Heel height: 2 inches (5 cm)",129.0,USD,2745c48e-d28f-42be-862e-3cfae31c2f42
FLEECE ANKLE BOOTS,"Faux shearling trim ankle boots. Chunky flatform soles. Lace-up closure. 

Sole height: 2.4 inches (6 cm)",129.0,USD,6b4c1642-3cda-402d-ad05-30cac48fd71a
LUG SOLE HEELED BOOTS,"Heeled knee high boots. Lug sole. Back pull tab. Zip closure. Rounded toe. 

Heel height: 2.9 inches (7.3 cm)",69.9,USD,90d0549f-6f72-413f-a856-ea893f632f5b
CONTRASTING WATER RESISTANT AND WATER REPELLENT QUILTED BOOTS SKI COLLECTION,"Ankle boots. Upper in a combination of materials. Quilted upper. Reinforcements at toes, sides, and heel. Non-slip sole. Lined interior. Shaft with adjustable elastic rubber pull tab. Adjustable lace-up closure. 

Sole height: 1.4 inches (3.5 cm)",139.0,USD,da84b3f2-0bf9-4707-b90c-54555cc20a1e
LOW HEELED LEATHER ANKLE BOOTS WITH ZIPPER,"Leather ankle boots. Chunky soles. Zip closure. Rounded toe.

Sole height: 1.8 inches (4.5 cm)",139.0,USD,450a4aa7-ff89-446f-97d9-42f593930e4c
HIGH HEELED FABRIC SANDALS,"Heeled fabric sandals. Strap upper. Buckle closure at ankle. Rounded toe.

Heel height: 3.1 inches (8 cm)",59.9,USD,a7b69fdc-2149-4481-99fb-9106fb258cb1
HEELS WITH ANKLE STRAP,"Heeled pumps. Buckled ankle strap closure. Pointed toe. 

Heel height: 3.9 inches (10 cm)",59.9,USD,e45527e6-cc79-489c-9871-24b25970a799
STUDDED COWBOY BOOTS,"Cowboy style boots with studs detail. Side pull tabs. Pointed toe. 

Heel height: 2 inches (5 cm)",129.0,USD,7c20350c-f2bb-40d8-8338-fb5216f650c8
WATER RESISTANT AND WATER REPELLENT ANKLE BOOTS SKI COLLECTION,"Ankle boots. Upper in a combination of materials. Reinforcements at toes, sides, and heel. Non-slip sole. Lined interior. Shaft with adjustable elastic rubber pull tab. Adjustable lace-up closure. 

Sole height: 1.4 inches (3.5 cm)",129.0,USD,dc988428-6cde-4df5-b861-bb50609d00aa
FLAT FAUX SHEARLING ANKLE BOOTS,"Ankle boots. Upper in a combination of materials. Rubberized reinforcements at toes, side, and heels. Chunky soles. Lined interior. Adjustable lace-up closure.

Sole height: 2 inches (5 cm)",129.0,USD,4efd1173-4645-4fc8-964c-4db778db7e6e
HEELED GAITER BOOTS,"High stiletto heeled knee high boots. Footed detail. Pointed toe. 

Heel height: 2.8 inches (7 cm)",109.0,USD,0f4f0809-d02f-4ee8-a971-9550e8760138
SPLIT LEATHER CHELSEA BOOTS,"Low heel Chelsea style suede ankle boots. Side elastic goring. Front and back pull tabs. Rounded toe.

Sole height: 1.6 inches (4 cm)",109.0,USD,1f7d532d-894c-4849-b737-a197768ed220
VELVET KNEE HIGH HEELED BOOTS,"Velvet knee high boots. High stiletto heel. Pointed toe. 

Heel height: 3.9 inches (10 cm)",109.0,USD,77cc1bac-394d-4505-b12a-0841d58ac5b0
SQUARE TOE HEELED STRETCH BOOTS,"Heeled stretch boots. Thin heel. Squared toe.

Heel height: 3.5 inches (9 cm)",109.0,USD,ef8a5681-d818-4ffd-80f1-a09a869cb626
COMBO SNEAKERS,"Running style sneakers in a combination of pieces and colors. Lug sole with textured details. Lace-up closure. 

Sole height: 1.6 inches (4 cm)",49.9,USD,23491099-5475-4d7e-ae6e-c070ab82a4ee
HEELED CROC ANKLE BOOTS,"Heeled ankle boots. Animal print detail. Block heels. Zip closure. Pointed toe.

Heel height: 3.3 inches (8.5 cm)",49.9,USD,74f6789c-9579-4ed7-8313-6a892e7e3286
BLOCK HEEL BOW PUMPS,"Block heel pumps. Faux patent leather finish. Front bow embellishment. Pointed toe. 

Heel height: 2.1 inches (5.3 cm)",49.9,USD,bd5a515e-3558-4fd9-bdc0-2d5dfd8c98b9
FABRIC HEELED ANKLE BOOTS,"Ribbed fabric ankle boots. Fitted upper. High heels. 

Heel height: 2.8 inches (7.2 cm)",49.9,USD,6f978cf0-b693-47f8-b49a-908a581a2912
ATHLETIC SNEAKERS,"Casual athletic sneakers. Back contrast detail. Lace-up closure.

Sole height: 0.8 inches (2 cm)",49.9,USD,e894f0f8-15f9-4d4a-80c2-8a6aedf23c65
STRAPPY VELVET SANDALS,"High heel velvet sandals. Crossed thin straps. Round toe. Buckled ankle strap closure. 

Heel height: 3.9 inches (10 cm)",49.9,USD,b9feb062-079f-4a07-98a8-bb0880e05c2c
FLATFORM SNEAKERS,"Mixed casual sneakers. Flatform sole. Lace-up closure. 

Sole height: 1.4 inches (3.5 cm)",49.9,USD,6bd5cd6f-aac4-48d0-9af3-1fc09091d8a1
LOW HEELED RUBBER SOLE BOOTS,"Boots with distressed effect finish. Rubberized lug sole. Side pull tabs. Rounded toe. 

Sole height: 1.6 inches (4 cm)",89.9,USD,f5b6b56c-251d-4e6c-b3b3-edaf02245e92
BUCKLED HIGH HEELED SANDALS,"High heel fabric sandals. Buckled wide strap at ankle. Thin strap at front. 

Heel height: 3.9 inches (10 cm)",89.9,USD,68eed448-d33c-45d4-b746-3f8bae36f2aa
BUCKLED ANKLE BOOTS,"Ankle boots. Buckle detail at front and rubberized toe cap. Back pull tab. Chunky lug soles. Zip closure.

Sole height: 1.8 inches (4.5 cm)",89.9,USD,6f59d9dc-6ba9-479a-a430-199071d3dfb0
BLOCK HEEL LEATHER SANDALS,"Block heel leather sandals. Wide crossed straps with buckle closure. Squared toe. 

Heel height: 3 inches (7.5 cm)",109.0,USD,012b0dd3-4e12-4d82-a076-3b8684aabeb1
CRYSTAL LEATHER HIGH HEELED SANDALS,"High heel leather sandals. Thin straps with rhinestone details. Round toe. Buckled ankle strap closure. 

Heel height: 3.9 inches (10 cm)",89.9,USD,c982327c-ee25-47ca-aae7-8902a48f4e1b
LEATHER STRAPPY SANDALS,"High heel leather sandals with metallic effect. Thin straps. Round toe. Buckled ankle strap closure. 

Heel height: 3.9 inches (10 cm)",89.9,USD,000893d0-18f1-4557-8d27-b9b3452829b1
CASUAL ATHLETIC SNEAKERS,"Mixed casual sneakers. Chunky soles. Lace-up closure. 

Sole height: 1.6 inches (4 cm)",39.9,USD,427f0dd8-3a22-4799-94b1-4b5832839b5b
FAUX FUR LINED SUEDE CLOGS,"Flat suede clogs. Metal buckle at side and faux fur interior. Rounded toe.

Sole height: 1 inch (2.5 cm)",69.9,USD,c812ee09-747e-481c-b6a8-131eb24d7c5d
LUG SOLE TASSEL LOAFERS,"Patent effect loafers. Front tassels. Lug soles with raised details. 

Sole height: 2 inches (5 cm)",69.9,USD,f8946ab4-d073-42d0-9c34-d8a97fdcc01f
RHINESTONE OPEN BACK HEELS,"High heel slingbacks in mesh fabric. Thin crossover straps with rhinestone details. Buckle closure. 

Heel height: 3.9 inches (10 cm)",69.9,USD,2b61266f-c945-467e-86b5-cab96db858e8
COMBO SNEAKERS,"Running shoes in a combination of materials with leather pieces. Lug soles. Lace-up closure.

Sole height: 1 inch (2.5 cm)",69.9,USD,90c34efb-2e03-482b-8c56-1aa1a70dead3
RUBBERIZED CLOGS,"Rubberized clogs. Chunky soles. Rounded toe.

Sole height: 2.6 inches (6.5 cm)",59.9,USD,2f2e6c92-63ec-4ed3-a2bb-c2bf48b48f13
VELVET HEELED ANKLE BOOTS,"Heeled velvet ankle boots. Zip closure. Pointed toe. Thin heel.

Heel height: 3.3 inches (8.5 cm)",59.9,USD,429d4824-b48a-4c98-b3de-620cb7ffd32c
METAL TRIM FLAT LOAFERS,"Flat loafers. High vamp and metal trim at saddle. Rounded toe. 

Sole height: 0.9 inches (2.4 cm)",49.9,USD,41966eb0-7522-44aa-b623-cc7e35c2b8e1
STILETTO HEELS,"Heeled pumps. Thin heel. Pointed toe.

Heel height: 3 inches (7.5 cm)",49.9,USD,d74d4ab3-b8e9-4891-ad54-8b71c558740d
CASUAL FABRIC SNEAKERS,"Casual fabric sneakers. Sole with raised detail. Lace-up closure. 

Sole height: 1.6 inches (4 cm)",49.9,USD,df27d137-efb2-439e-bb27-b5dc0cf6cf6f
FLAT STRAPPY SANDALS WITH METAL EMBELLISHMENT,"Flat sandals with thin straps and metal embellishment at toe. Buckle closure. 

Sole height: 0.6 inches (1.5 cm)",49.9,USD,012404a5-490e-494c-81f6-7661880ce40b
ATHLETIC PLATFORM SNEAKERS,"Casual sneakers. Platform sole. Lace-up closure. 

Sole height: 2 inches (5 cm) 

STARFIT®. Flexible technical sole made of polyurethane foam designed to offer increased comfort.",49.9,USD,aedd025b-17f5-4c1b-a8f3-49369174803f
RUBBERIZED SOLE SUEDE ANKLE BOOTS,"Leather ankle boots in suede. Chunky rubberized soles. Back pull tab. Rounded toe. 

Sole height: 3 inches (7.5 cm)",109.0,USD,8c6f78ec-8857-45a5-9c1f-8d0efb44abd5
FAUX SHEARLING FLAT LEATHER ANKLE BOOTS,"Flat ankle boots in leather with faux shearling. Strap with metal embellishment. Back pull tab. Rounded toe. 

Sole height: 1.2 inches (3 cm)",69.9,USD,2d7d0ea3-eaaa-48c2-aa15-aa46cfe79621
FABRIC LUG SOLE ANKLE BOOTS,"Fabric ankle boots. Fitted upper. Lug soles. Rounded toe. 

Sole height: 2.6 inches (6.5 cm) 

AIRFIT®. Flexible technical sole made of latex foam designed to offer increased comfort.",79.9,USD,7873ad2e-4077-458b-89cf-4bccd426870d
HEELS WITH ANKLE STRAP,"Heeled pumps. Block heels. Pointed toe. Buckled ankle strap closure.

Heel height: 3.9 inches (10 cm)",59.9,USD,164e5419-2214-4f95-a2ae-3387df3e5105
FLAT FABRIC ANKLE BOOTS,"Fabric ankle boots. Chunky soles. Quilted shaft. Adjustable lace-up closure.

Sole height: 2 inches (5 cm)",89.9,USD,78b23252-d681-46e1-9132-371cdd0f2be4
LEATHER SQUARE TOE ANKLE BOOTS,"Leather ankle boots. Wide shaft. Back pull tab. Squared toe. 

Sole height: 1.6 inches (4 cm)",159.0,USD,fd705a1d-7c10-405c-8403-43b9cc07d503
COMBO SNEAKERS,"Running shoes. Combination of colors and materials with leather pieces. Contrast back piece with animal print. Lace-up closure.

Sole height: 1 inch (2.5 cm)",69.9,USD,83a88203-5bba-4a9f-a34d-655850cf63b3
FAUX SHEARLING FLAT LEATHER ANKLE BOOTS,"Flat ankle boots in leather. Fleece interior. Back pull tab. Rounded toe. 

Sole height: 1.2 inches (3 cm)",69.9,USD,aefd4dc3-87ec-4a0b-bca4-32c3d7bd3347
RHINESTONE HEELED ANKLE BOOTS,"Heeled ankle boots. Rhinestone details at upper. Side zip closure. Block heels. Pointed toe.

Heel height: 3.7 inches (9.5 cm)",69.99,USD,604329cf-4afd-492f-95cd-d398463a2f97
LOW HEELED RUBBER SOLE BOOTS,"Boots with distressed effect finish. Wide shaft. Side pull tab. Rubber lug sole. Rounded toe. 

Sole height: 1.6 inches (4 cm) 

AIRFIT®. Flexible technical sole made of latex foam designed to offer increased comfort.",89.9,USD,76731198-7d74-4b9b-a420-18745969a613
BUCKLED SUEDE ANKLE BOOTS,"Leather ankle boots in suede. Buckle details at shaft. Rounded toe. 

Sole height: 1.2 inches (3 cm)",159.0,USD,09c42a04-bf50-4415-bc64-a0f53ece599c
BUCKLED LEATHER KNEE HIGH BOOTS,"Knee high leather boots. Wide straps with metal buckles. Side zip closure. Chunky soles. 

Sole height: 2 inches (5 cm)",259.0,USD,2958a006-b716-4f88-ba65-baf41b5208d8
TALL BIKER BOOTS,"Tall shaft biker boots. Buckle details. Round toe.

Sole height: 1.7 inches (4.2 cm)",109.0,USD,5d818ad3-c3c7-4791-ac27-4a0cf9b8627b
HIGH HEEL VINYL SANDALS,"Vinyl high heel sandals. Wide front strap. Back strap with elastic piece. 

Heel height: 3 inches (7.5 cm)",49.9,USD,c4b441e5-454d-4981-b8a8-efd148ac509f
FAUX SHEARLING PADDED FLAT ANKLE BOOTS,"Ankle boots. Quilted upper. Lined interior. Chunky lug soles. Side button closure.

Sole height: 1.8 inches (4.5 cm)",89.9,USD,22b5f46c-d05d-41f8-ade7-5310b3986e05
MESH HEELED ANKLE BOOTS,"High heel mesh fabric ankle boots. Pointed toe. Zip closure.

Heel height: 4.1 inches (10.5 cm) 

AIRFIT®. Flexible technical sole made of latex foam designed to offer increased comfort.",79.9,USD,ad561971-0198-4973-a9b1-3e052bc585f6
LACE-UP LUG SOLE LEATHER ANKLE BOOTS,"Leather ankle boots. Lace-up closure. Lug soles. Rubberized rim. Back pull tab. 

Sole height: 1.6 inches (4 cm)",129.0,USD,2c6294ff-fbca-4405-9ef3-acd881f8c6c6
ZIPPERED TECHNICAL FABRIC ANKLE BOOTS,"Sporty ankle boots in technical fabric. Sole with raised detail. Centered front zipper. Back pull tab. 

Sole height: 1.6 inches (4 cm)",109.0,USD,656132d5-7e7b-4c32-937b-c9b19ee2dbb3
LEATHER CHELSEA ANKLE BOOTS,"Leather Chelsea style ankle boots. Side elastic goring. Pull tabs. Lug soles. 

Sole height: 1.2 inches (3 cm)",129.0,USD,f845c9bc-0cf8-4ad0-9002-e53d334ca1d9
SOFT LEATHER ZIPPERED BOOTS,"Soft leather boots. Wide shaft with zipper details. Kitten heels. Pointed toe. 

Heel height: 2 inches (5 cm)",199.0,USD,6b4de2f7-7deb-4860-af07-4990b59486dc
WIDE HEELED LEATHER ANKLE BOOTS,"Leather ankle boots with block heel. Wide shaft with back pull tab. Removable straps with metal details. Rounded toe. 

Heel height: 2.8 inches (7 cm)",199.0,USD,a7396a5b-1398-4aa4-a095-6a4621358bc8
BUCKLED LEATHER GAITER ANKLE BOOTS,"Leather ankle boots. Gaiter detail with buckles. Squared toe. 

Sole height: 1.6 inches (4 cm)",189.0,USD,7288ef34-6b7e-4171-9d85-16b163f2e5a2
RUCHED SOFT LEATHER BOOTS LIMITED EDITION,"High shaft soft leather boots with ruched effect. Strap with tabs at shaft. Pointed toe. 

Heel height: 1.8 inches (4.5 cm)",299.0,USD,b82a77d0-e955-4916-a1ab-9e7dad354132
BUCKLED LEATHER ANKLE BOOTS,"Flat biker ankle boots in leather. Buckled strap detail. 

Sole height: 1.6 inches (4 cm)",159.0,USD,3fc876a9-5c3d-4c10-ba1c-aff15b13de3d
RIBBED SOCK STYLE ANKLE BOOTS,"Flat ankle boots. Ribbed knit multi-positional sock style shaft. Lug sole. Back pull tab.

Sole height: 3 inches (7.6 cm)",69.9,USD,fbac4ab4-9a39-4baf-b8e5-701e1b577fe4
HEELED KNEE HIGH BOOTS,"Knee high leather boots with block heel. Pointed toe. 

Heel height: 2.8 inches (7 cm)

This product may vary in tone and texture due to the unique characteristic of the raw materials used in the manufacturing process.",159.0,USD,5075bfc1-8976-498d-a53c-4c7d67d008fc
LEATHER CHELSEA BOOTS,"Knee high boots made of leather. Zip closure. Squared toe.

Heel height: 2.1 inches (5.3 cm)",229.0,USD,6e496ab6-7c03-495c-af9b-cc83ff3b7c7b
HEELED KNEE HIGH BOOTS,"Over the knee leather boots with block heels. Pointed toe. 

Heel height: 3.9 inches (10 cm)",169.0,USD,8af4581c-b40d-4c09-a158-6ca73b067ccb
LEATHER BIKER CLOGS,"Open back leather clogs. Buckled strap detail. Block heels. 

Heel height: 2.4 inches (6 cm)",109.0,USD,c3bed27f-27f8-4ada-9f1b-3d2e0a98f7f3
FLORAL SANDALS,"Heeled sandals. Beaded flower shaped detail. Thin strap at front. Thin heel. Buckled ankle strap closure.

Heel height: 3.9 inches (10 cm)",109.0,USD,25e9883f-1003-4129-a161-a0393c751416
ATHLETIC SNEAKERS,"Casual athletic sneakers. Rhinestone details at laces. Lace-up closure.

Sole height: 0.8 inches (2 cm)",49.9,USD,3a38ffcc-726b-4ea1-ab0c-c9fccda74b28
RHINESTONE FLAT SANDALS,"Flat sandals. Front straps with rhinestone detail. Rounded toe.

Sole height: 0.4 inches (1 cm)",69.9,USD,61f94e32-230f-4f3c-a23c-e6dd85bba4ed
MIXED LEATHER ATHLETIC SNEAKERS,"Leather athletic sneakers. Combination of colors and materials. Lace-up closure. 

Sole height: 0.8 inches (2 cm)",69.9,USD,c2196559-ca81-43fb-92a5-5672d0d886da
HEELED LEATHER ANKLE BOOTS,"Heeled leather ankle boots. Central seam detail. Pointed toe. 

Heel height: 3.1 inches (8 cm)",129.0,USD,6fdd1174-1f6f-470d-80ca-f54b4b4eb3bf
SOFT LEATHER BALLET FLATS,"Ballet flats in soft leather. Front metal trim. Rounded toe. 

Sole height: 0.4 inches (1 cm)",89.9,USD,70c2ddd3-80f6-4b50-9fcc-054cd5d0abf3
LEATHER CRISSCROSS CAGE SANDALS,"Flat leather cage sandals. Interwoven straps. Rounded toe. Back strap with buckle closure. 

Sole height: 1.2 inches (3 cm)",89.9,USD,519204ae-1755-447d-a0d4-198bb61584cd
HIGH HEELED LACE UP MULES,"Fabric mules. Front laces. Pointed toe. 

Heel height: 3.1 inches (8 cm)",59.9,USD,0b4b5be1-5616-4be0-8a7c-a94f5bdfa30e
LEATHER GAITER SANDALS,"Heeled leather sandals. Knee high boot style gaiters with buckle detail. 

Heel height: 3.1 inches (8 cm)",159.0,USD,a2b66efd-5fc1-4155-995e-f7a92cd68a5a
ANIMAL PRINT BLOCK HEEL CLOGS,"Clogs with block heel and animal print. Pointed toe. 

Heel height: 3.1 inches (8 cm)",69.9,USD,995ad020-560e-441e-a803-79481a0f0bc8
SATIN EFFECT ATHLETIC FLATS,"Ballet flat sneakers in satin effect fabric. Double adhesive strap closure. Back pull tab. 

Sole height: 0.4 inches (1 cm)",39.9,USD,7e0a6e05-3db7-4d93-a76e-d00509908e03
SATIN EFFECT ATHLETIC FLATS,"Ballet flat sneakers in satin effect fabric. Double adhesive strap closure. Back pull tab. 

Sole height: 0.4 inches (1 cm)",39.9,USD,0e2b6eba-0aa6-4c68-afcb-d5be9d306632
FLAT CROSSED LEATHER SANDALS,"Flat leather sandals with crossed straps at front.

Sole height: 0.4 inches (1 cm)",49.9,USD,7750aab9-d509-4700-9c41-07f6b37cbf5f
DERBY STYLE SNEAKERS,"Derby style sneakers. Seam detail. Back pull tab. Lace-up closure. 

Sole height: 0.4 inches (1 cm)",49.9,USD,8d2ff44c-3833-464f-9800-0870d350d116
QUILTED SNEAKERS,"Sneakers with quilted effect. Sole with raised detail. Adjustable pull tab at front. 

Sole height: 1.6 inches (4 cm) 

STARFIT®. Flexible technical sole made of polyurethane foam designed to offer increased comfort.",49.9,USD,5656ddfb-b967-47cd-b730-74851972bc20
METALLIC HEELED BOOTS,"Metallic effect heeled knee high boots. Block heels, zipper closure, pointed toe.

Heel height: 3.9 inches (10 cm)",49.99,USD,5e4f8a4b-89fd-4a6b-98b9-c307514b5d9b
ZIPPERED FABRIC ANKLE BOOTS,"Fabric ankle boots. Laces and zipper at side. Rubberized sole and toe cap. Back pull tab. Rounded toe. 

Sole height: 1.6 inches (4 cm)",49.99,USD,203a982b-4db3-4555-8187-4e18990ee165
CHELSEA BOOTS,"Chelsea ankle boots with distressed effect. Side elastic goring. Pull tabs. Lug soles. 

Sole height: 1.6 inches (4 cm)",39.99,USD,b900b1d0-3a09-486d-8671-7663b6b0116c
LEATHER BIKER BOOTS,"Flat biker ankle boots in leather. Buckled strap detail and metal trim. Rounded toe. 

Sole height: 1.6 inches (4 cm)",49.99,USD,95468f99-cb90-460e-a16b-24e75bf8b783
LOW HEEL BIKER ANKLE BOOTS,"Flat moto ankle boots. Buckle detail with straps and metal trim. Side pull tabs. Rounded toe. 

Sole height: 1.6 inches (4 cm) 

AIRFIT®. Flexible technical sole made of latex foam designed to offer increased comfort.",49.99,USD,421f9e86-8b1c-461d-a03c-7651abd2a107
OPEN TOE FABRIC ANKLE BOOTS,"High heel fabric ankle boots. Fitted upper. Open toe. 

Heel height: 3.7 inches (9.5 cm)",35.99,USD,a4fdf305-c6ca-4e3c-9d98-67266fda814a
FLAT BUCKLED ANKLE BOOTS,"Basic flat ankle boot with buckle details. Rounded toe. 

Sole height: 1.6 inches (4 cm)",39.99,USD,102bf25b-24d7-4b5c-9d98-ab18a0764cf2
HEELED FABRIC BOOTS,"Heeled knee high boots in fabric. Thin heel. Pointed toe.

Heel height: 4.1 inches (10.5 cm)",49.99,USD,b0feebfb-bb6a-4b1e-ada8-ce04feabf35c
RHINESTONE STRAPPY FLAT SANDALS,"Flat sandals. Rhinestone details at straps. Round toe. Buckled ankle strap closure.

Sole height: 0.4 inches (1 cm)

AIRFIT®. Flexible technical sole made of latex foam designed to offer increased comfort.",12.99,USD,2bfbf951-54ab-4560-a0de-54cd0b23362c
